-- phpMyAdmin SQL Dump
-- version 4.9.7
-- https://www.phpmyadmin.net/
--
-- Hôte : localhost:8889
-- Généré le : jeu. 07 oct. 2021 à 07:39
-- Version du serveur :  5.7.32
-- Version de PHP : 7.4.12

SET SQL_MODE = "NO_AUTO_VALUE_ON_ZERO";
SET time_zone = "+00:00";


/*!40101 SET @OLD_CHARACTER_SET_CLIENT=@@CHARACTER_SET_CLIENT */;
/*!40101 SET @OLD_CHARACTER_SET_RESULTS=@@CHARACTER_SET_RESULTS */;
/*!40101 SET @OLD_COLLATION_CONNECTION=@@COLLATION_CONNECTION */;
/*!40101 SET NAMES utf8mb4 */;

--
-- Base de données : `digiprojects`
--

-- --------------------------------------------------------

--
-- Structure de la table `ACTIONS`
--

CREATE TABLE `ACTIONS` (
  `id_ACTIONS` int(11) NOT NULL,
  `libelle` varchar(50) DEFAULT NULL,
  `id_TYPES_COMMUNICATIONS` int(11) DEFAULT NULL
) ENGINE=InnoDB DEFAULT CHARSET=utf8;

--
-- Déchargement des données de la table `ACTIONS`
--

INSERT INTO `ACTIONS` (`id_ACTIONS`, `libelle`, `id_TYPES_COMMUNICATIONS`) VALUES
(1, 'Benchmark', NULL),
(2, 'Etude clientèle', NULL),
(3, 'Partage Animation', NULL),
(4, 'NAP', NULL),
(5, 'Création offre', NULL),
(6, 'Dossier CODEV', NULL),
(7, 'Autres Services', NULL),
(8, 'RAC', NULL),
(9, 'Plan de comm', NULL),
(10, 'Validation SJF', NULL),
(11, 'Visuels', NULL),
(12, 'Emailing', 1),
(13, 'SMS', 4),
(14, 'Courrier', NULL),
(15, 'RDC', NULL),
(16, 'MyCACorsica', NULL),
(17, 'Intranet', NULL),
(18, 'Affiche', NULL),
(19, 'Flyers Dépliants', NULL),
(20, 'Presse', NULL),
(21, 'Radio', NULL),
(22, 'Réseaux sociaux', NULL),
(23, '4x3', NULL),
(24, 'Bus-Abris bus', NULL),
(25, 'Kakémono', NULL),
(26, 'E-message', 2),
(27, 'CLV', NULL),
(28, 'ZDG CONNECTE', 3),
(29, 'Landing page', NULL),
(30, 'DAB/GAB', NULL),
(31, 'Cibles', NULL),
(32, 'OPC', 5);

-- --------------------------------------------------------

--
-- Structure de la table `ACTIONS_SERVICES`
--

CREATE TABLE `ACTIONS_SERVICES` (
  `id_SERVICES` int(11) NOT NULL,
  `id_ACTIONS` int(11) NOT NULL
) ENGINE=InnoDB DEFAULT CHARSET=utf8;

--
-- Déchargement des données de la table `ACTIONS_SERVICES`
--

INSERT INTO `ACTIONS_SERVICES` (`id_SERVICES`, `id_ACTIONS`) VALUES
(1, 1),
(1, 2),
(1, 3),
(1, 4),
(1, 5),
(1, 6),
(1, 7),
(1, 8),
(2, 9),
(2, 10),
(2, 11),
(2, 12),
(4, 12),
(2, 13),
(4, 13),
(2, 14),
(2, 15),
(4, 15),
(2, 16),
(2, 17),
(2, 18),
(2, 19),
(2, 20),
(2, 21),
(2, 22),
(2, 23),
(2, 24),
(2, 25),
(3, 26),
(4, 26),
(3, 27),
(3, 28),
(3, 29),
(3, 30),
(4, 31),
(4, 32);

-- --------------------------------------------------------

--
-- Structure de la table `ACTIONS_SERVICES_CAMPAGNES`
--

CREATE TABLE `ACTIONS_SERVICES_CAMPAGNES` (
  `id_ACTIONS` int(11) NOT NULL,
  `id_SERVICES` int(11) NOT NULL,
  `id_CAMPAGNES` int(11) NOT NULL
) ENGINE=InnoDB DEFAULT CHARSET=utf8;

-- --------------------------------------------------------

--
-- Structure de la table `ATTACHEMENTS`
--

CREATE TABLE `ATTACHEMENTS` (
  `id_ATTACHEMENTS` int(11) NOT NULL,
  `chemin` longtext,
  `nom` varchar(50) DEFAULT NULL,
  `date_upload` datetime DEFAULT NULL,
  `user_id` int(11) DEFAULT NULL,
  `id_CAMPAGNES` int(11) NOT NULL,
  `id_ACTIONS` int(11) DEFAULT NULL,
  `id_CIBLES` int(11) DEFAULT NULL,
  `id_COMMENTAIRES` int(11) DEFAULT NULL
) ENGINE=InnoDB DEFAULT CHARSET=utf8;

-- --------------------------------------------------------

--
-- Structure de la table `CAMPAGNES`
--

CREATE TABLE `CAMPAGNES` (
  `id_CAMPAGNES` int(11) NOT NULL,
  `nom` varchar(50) DEFAULT NULL,
  `id_PMA` int(11) DEFAULT NULL,
  `date_commercialisation` date DEFAULT NULL,
  `date_debut` date DEFAULT NULL,
  `date_fin` date DEFAULT NULL,
  `recurrent` tinyint(1) DEFAULT NULL,
  `user_id` int(11) DEFAULT NULL,
  `id_UNIVERS_BESOINS` int(11) NOT NULL
) ENGINE=InnoDB DEFAULT CHARSET=utf8;

-- --------------------------------------------------------

--
-- Structure de la table `CIBLES`
--

CREATE TABLE `CIBLES` (
  `id_CIBLES` int(11) NOT NULL,
  `num` int(11) DEFAULT NULL,
  `detail` varchar(255) DEFAULT NULL,
  `id_CAMPAGNES` int(11) DEFAULT NULL
) ENGINE=InnoDB DEFAULT CHARSET=utf8;

-- --------------------------------------------------------

--
-- Structure de la table `COMMENTAIRES`
--

CREATE TABLE `COMMENTAIRES` (
  `id_COMMENTAIRES` int(11) NOT NULL,
  `contenu` text,
  `date_commentaire` datetime DEFAULT NULL,
  `user_id` int(11) DEFAULT NULL,
  `id_CAMPAGNES` int(11) NOT NULL,
  `id_ACTIONS` int(11) DEFAULT NULL,
  `id_CIBLES` int(11) DEFAULT NULL,
  `id_COMMENTAIRES_PARENT` int(11) DEFAULT NULL
) ENGINE=InnoDB DEFAULT CHARSET=utf8;

-- --------------------------------------------------------

--
-- Structure de la table `HISTORIQUES`
--

CREATE TABLE `HISTORIQUES` (
  `id_HISTORIQUES` int(11) NOT NULL,
  `descr` text,
  `date_historique` datetime DEFAULT NULL,
  `user_id` int(20) DEFAULT NULL,
  `id_CAMPAGNES` int(11) DEFAULT NULL,
  `id_ACTIONS` int(11) DEFAULT NULL,
  `id_CIBLES` int(11) DEFAULT NULL
) ENGINE=InnoDB DEFAULT CHARSET=utf8;

-- --------------------------------------------------------

--
-- Structure de la table `PMA`
--

CREATE TABLE `PMA` (
  `id_PMA` int(11) NOT NULL,
  `libelle` varchar(50) DEFAULT NULL
) ENGINE=InnoDB DEFAULT CHARSET=utf8;

--
-- Déchargement des données de la table `PMA`
--

INSERT INTO `PMA` (`id_PMA`, `libelle`) VALUES
(1, 'Q1'),
(2, 'Q2'),
(3, 'Q3');

-- --------------------------------------------------------

--
-- Structure de la table `POIDS_OPC`
--

CREATE TABLE `POIDS_OPC` (
  `id_POIDS_OPC` int(11) NOT NULL,
  `libelle` varchar(50) DEFAULT NULL
) ENGINE=InnoDB DEFAULT CHARSET=utf8;

--
-- Déchargement des données de la table `POIDS_OPC`
--

INSERT INTO `POIDS_OPC` (`id_POIDS_OPC`, `libelle`) VALUES
(1, 'Prioritaire'),
(2, 'Non prioritaire'),
(3, '300'),
(4, '600'),
(5, 'En attente');

-- --------------------------------------------------------

--
-- Structure de la table `REFS_EMAILING`
--

CREATE TABLE `REFS_EMAILING` (
  `id_CIBLES` int(11) NOT NULL,
  `id_TYPES_COMMUNICATIONS` int(11) NOT NULL,
  `ref` varchar(50) DEFAULT NULL
) ENGINE=InnoDB DEFAULT CHARSET=utf8;

-- --------------------------------------------------------

--
-- Structure de la table `REFS_EMESSAGE`
--

CREATE TABLE `REFS_EMESSAGE` (
  `id_CIBLES` int(11) NOT NULL,
  `id_TYPES_COMMUNICATIONS` int(11) NOT NULL,
  `ref` varchar(50) DEFAULT NULL
) ENGINE=InnoDB DEFAULT CHARSET=utf8;

-- --------------------------------------------------------

--
-- Structure de la table `REFS_NPC`
--

CREATE TABLE `REFS_NPC` (
  `id_CIBLES` int(11) NOT NULL,
  `id_TYPES_COMMUNICATIONS` int(11) NOT NULL,
  `code_projet` varchar(50) DEFAULT NULL,
  `audience` varchar(50) DEFAULT NULL,
  `date_fin` date DEFAULT NULL
) ENGINE=InnoDB DEFAULT CHARSET=utf8;

-- --------------------------------------------------------

--
-- Structure de la table `REFS_OPC`
--

CREATE TABLE `REFS_OPC` (
  `id_CIBLES` int(11) NOT NULL,
  `id_TYPES_COMMUNICATIONS` int(11) NOT NULL,
  `nom_projet_unica` varchar(50) DEFAULT NULL,
  `date_fin` date DEFAULT NULL,
  `id_POIDS_OPC` int(11) DEFAULT NULL,
  `id_SOURCES_CIBLAGES` int(11) DEFAULT NULL
) ENGINE=InnoDB DEFAULT CHARSET=utf8;

-- --------------------------------------------------------

--
-- Structure de la table `REFS_SMS`
--

CREATE TABLE `REFS_SMS` (
  `id_CIBLES` int(11) NOT NULL,
  `id_TYPES_COMMUNICATIONS` int(11) NOT NULL,
  `ref` varchar(50) DEFAULT NULL
) ENGINE=InnoDB DEFAULT CHARSET=utf8;

-- --------------------------------------------------------

--
-- Structure de la table `REFS_TYPES_COMMUNICATIONS_CIBLES`
--

CREATE TABLE `REFS_TYPES_COMMUNICATIONS_CIBLES` (
  `id_CIBLES` int(11) NOT NULL,
  `id_TYPES_COMMUNICATIONS` int(11) NOT NULL,
  `date_envoi` date DEFAULT NULL,
  `volumetrie` varchar(50) DEFAULT NULL
) ENGINE=InnoDB DEFAULT CHARSET=utf8;

-- --------------------------------------------------------

--
-- Structure de la table `SERVICES`
--

CREATE TABLE `SERVICES` (
  `id_SERVICES` int(11) NOT NULL,
  `libelle` varchar(50) DEFAULT NULL
) ENGINE=InnoDB DEFAULT CHARSET=utf8;

--
-- Déchargement des données de la table `SERVICES`
--

INSERT INTO `SERVICES` (`id_SERVICES`, `libelle`) VALUES
(1, 'Marketing'),
(2, 'Communication'),
(3, 'Multicanal'),
(4, 'Data');

-- --------------------------------------------------------

--
-- Structure de la table `SOURCES_CIBLAGES`
--

CREATE TABLE `SOURCES_CIBLAGES` (
  `id_SOURCES_CIBLAGES` int(11) NOT NULL,
  `libelle` varchar(50) DEFAULT NULL
) ENGINE=InnoDB DEFAULT CHARSET=utf8;

--
-- Déchargement des données de la table `SOURCES_CIBLAGES`
--

INSERT INTO `SOURCES_CIBLAGES` (`id_SOURCES_CIBLAGES`, `libelle`) VALUES
(1, 'Data'),
(2, 'Pacifica'),
(3, 'Predica'),
(4, 'CAPS-OTP6'),
(5, 'CACF');

-- --------------------------------------------------------

--
-- Structure de la table `STATUTS`
--

CREATE TABLE `STATUTS` (
  `id_STATUTS` int(11) NOT NULL,
  `libelle` varchar(50) DEFAULT NULL,
  `color` varchar(20) DEFAULT NULL
) ENGINE=InnoDB DEFAULT CHARSET=utf8;

--
-- Déchargement des données de la table `STATUTS`
--

INSERT INTO `STATUTS` (`id_STATUTS`, `libelle`, `color`) VALUES
(1, 'NON DÉMARRÉ', '#a6a6a6'),
(2, 'EN COURS', '#ffc000'),
(3, 'EN ATTENTE', '#c8bfe7'),
(4, 'EN RETARD', '#ff0000'),
(5, 'TERMINÉ', 'rgb(146,208,80)'),
(6, 'ABANDONNÉ', '#a6a6a6');

-- --------------------------------------------------------

--
-- Structure de la table `STATUTS_ACTIONS_SERVICES_CAMPAGNES`
--

CREATE TABLE `STATUTS_ACTIONS_SERVICES_CAMPAGNES` (
  `id_STATUTS` int(11) NOT NULL,
  `id_CAMPAGNES` int(11) NOT NULL,
  `id_SERVICES` int(11) NOT NULL,
  `id_ACTIONS` int(11) NOT NULL,
  `date` datetime NOT NULL,
  `user_id` int(11) DEFAULT NULL,
  `commentaire` text
) ENGINE=InnoDB DEFAULT CHARSET=utf8;

-- --------------------------------------------------------

--
-- Structure de la table `STATUTS_ENFANTS`
--

CREATE TABLE `STATUTS_ENFANTS` (
  `id_STATUTS` int(11) NOT NULL,
  `id_STATUTS_ENFANTS` int(11) NOT NULL
) ENGINE=InnoDB DEFAULT CHARSET=utf8;

--
-- Déchargement des données de la table `STATUTS_ENFANTS`
--

INSERT INTO `STATUTS_ENFANTS` (`id_STATUTS`, `id_STATUTS_ENFANTS`) VALUES
(6, 1),
(1, 2),
(1, 3),
(1, 4),
(2, 4),
(3, 4),
(2, 5),
(3, 5),
(4, 5),
(1, 6),
(2, 6),
(3, 6),
(4, 6);

-- --------------------------------------------------------

--
-- Structure de la table `STATUTS_TYPES_COMMUNICATIONS_CIBLES_CAMPAGNES`
--

CREATE TABLE `STATUTS_TYPES_COMMUNICATIONS_CIBLES_CAMPAGNES` (
  `id_STATUTS` int(11) NOT NULL,
  `id_CAMPAGNES` int(11) NOT NULL,
  `id_TYPES_COMMUNICATIONS` int(11) NOT NULL,
  `id_CIBLES` int(11) NOT NULL,
  `id_SERVICES` int(11) NOT NULL,
  `date` datetime NOT NULL,
  `user_id` int(11) NOT NULL,
  `commentaire` text
) ENGINE=InnoDB DEFAULT CHARSET=utf8;

-- --------------------------------------------------------

--
-- Structure de la table `TYPES_COMMUNICATIONS`
--

CREATE TABLE `TYPES_COMMUNICATIONS` (
  `id_TYPES_COMMUNICATIONS` int(11) NOT NULL,
  `libelle` varchar(50) DEFAULT NULL
) ENGINE=InnoDB DEFAULT CHARSET=utf8;

--
-- Déchargement des données de la table `TYPES_COMMUNICATIONS`
--

INSERT INTO `TYPES_COMMUNICATIONS` (`id_TYPES_COMMUNICATIONS`, `libelle`) VALUES
(1, 'EMAILING'),
(2, 'E-MESSAGE'),
(3, 'NPC'),
(4, 'SMS'),
(5, 'OPC');

-- --------------------------------------------------------

--
-- Structure de la table `TYPES_COMMUNICATIONS_CIBLES`
--

CREATE TABLE `TYPES_COMMUNICATIONS_CIBLES` (
  `id_CIBLES` int(11) NOT NULL,
  `id_TYPES_COMMUNICATIONS` int(11) NOT NULL
) ENGINE=InnoDB DEFAULT CHARSET=utf8;

-- --------------------------------------------------------

--
-- Structure de la table `UNIVERS_BESOINS`
--

CREATE TABLE `UNIVERS_BESOINS` (
  `id_UNIVERS_BESOINS` int(11) NOT NULL,
  `libelle` varchar(50) DEFAULT NULL
) ENGINE=InnoDB DEFAULT CHARSET=utf8;

--
-- Déchargement des données de la table `UNIVERS_BESOINS`
--

INSERT INTO `UNIVERS_BESOINS` (`id_UNIVERS_BESOINS`, `libelle`) VALUES
(1, 'ASSURANCES'),
(2, 'BAQ'),
(3, 'CONQUETE'),
(4, 'CREDITS'),
(5, 'EPARGNE'),
(6, 'MULTICANAL'),
(7, 'PARTENARIATS & EVENT'),
(8, 'PRO ETP');

-- --------------------------------------------------------

--
-- Structure de la table `USERS_SERVICES`
--

CREATE TABLE `USERS_SERVICES` (
  `id_USERS` int(11) NOT NULL,
  `id_SERVICES` int(11) NOT NULL
) ENGINE=InnoDB DEFAULT CHARSET=utf8;

--
-- Déchargement des données de la table `USERS_SERVICES`
--

INSERT INTO `USERS_SERVICES` (`id_USERS`, `id_SERVICES`) VALUES
(10, 2),
(11, 2),
(1, 3),
(7, 3),
(9, 3);

--
-- Index pour les tables déchargées
--

--
-- Index pour la table `ACTIONS`
--
ALTER TABLE `ACTIONS`
  ADD PRIMARY KEY (`id_ACTIONS`),
  ADD KEY `ACTIONS_TYPES_COMMUNICATIONS_FK` (`id_TYPES_COMMUNICATIONS`) USING BTREE;

--
-- Index pour la table `ACTIONS_SERVICES`
--
ALTER TABLE `ACTIONS_SERVICES`
  ADD PRIMARY KEY (`id_SERVICES`,`id_ACTIONS`),
  ADD KEY `ACTIONS_SERVICES_ACTIONS_FK` (`id_ACTIONS`) USING BTREE;

--
-- Index pour la table `ACTIONS_SERVICES_CAMPAGNES`
--
ALTER TABLE `ACTIONS_SERVICES_CAMPAGNES`
  ADD PRIMARY KEY (`id_ACTIONS`,`id_SERVICES`,`id_CAMPAGNES`),
  ADD KEY `ACTIONS_SERVICES_CAMPAGNES_SERVICES_FK` (`id_SERVICES`) USING BTREE,
  ADD KEY `ACTIONS_SERVICES_CAMPAGNES_CAMPAGNES_FK` (`id_CAMPAGNES`) USING BTREE;

--
-- Index pour la table `ATTACHEMENTS`
--
ALTER TABLE `ATTACHEMENTS`
  ADD PRIMARY KEY (`id_ATTACHEMENTS`),
  ADD KEY `ATTACHEMENTS_UTILISATEURS_FK` (`user_id`),
  ADD KEY `ATTACHEMENTS_CAMPAGNES_FK` (`id_CAMPAGNES`),
  ADD KEY `ATTACHEMENTS_ACTIONS_FK` (`id_ACTIONS`),
  ADD KEY `ATTACHEMENTS_COMMENTAIRES_FK` (`id_COMMENTAIRES`),
  ADD KEY `ATTACHEMENTS_CIBLES_FK` (`id_CIBLES`);

--
-- Index pour la table `CAMPAGNES`
--
ALTER TABLE `CAMPAGNES`
  ADD PRIMARY KEY (`id_CAMPAGNES`),
  ADD KEY `CAMPAGNES_UTILISATEURS_FK` (`user_id`) USING BTREE,
  ADD KEY `CAMPAGNES_UNIVERS_BESOINS_FK` (`id_UNIVERS_BESOINS`),
  ADD KEY `CAMPAGNES_PMA_FK` (`id_PMA`);

--
-- Index pour la table `CIBLES`
--
ALTER TABLE `CIBLES`
  ADD PRIMARY KEY (`id_CIBLES`),
  ADD KEY `CIBLES_CAMPAGNES_FK` (`id_CAMPAGNES`);

--
-- Index pour la table `COMMENTAIRES`
--
ALTER TABLE `COMMENTAIRES`
  ADD PRIMARY KEY (`id_COMMENTAIRES`),
  ADD KEY `COMMENTAIRES_CAMPAGNES_FK` (`id_CAMPAGNES`),
  ADD KEY `COMMENTAIRES_UTILISATEURS_FK` (`user_id`),
  ADD KEY `COMMENTAIRES_ACTIONS_FK` (`id_ACTIONS`) USING BTREE,
  ADD KEY `COMMENTAIRES_COMMENTAIRES_FK` (`id_COMMENTAIRES_PARENT`),
  ADD KEY `COMMENTAIRES_CIBLES_FK` (`id_CIBLES`);

--
-- Index pour la table `HISTORIQUES`
--
ALTER TABLE `HISTORIQUES`
  ADD PRIMARY KEY (`id_HISTORIQUES`),
  ADD UNIQUE KEY `HISTORIQUES_ACTIONS_FK` (`id_ACTIONS`),
  ADD KEY `HISTORIQUES_CAMPAGNES_FK` (`id_CAMPAGNES`),
  ADD KEY `HISTORIQUES_UTILISATEURS_FK` (`user_id`),
  ADD KEY `HISTORIQUES_CIBLES_FK` (`id_CIBLES`);

--
-- Index pour la table `PMA`
--
ALTER TABLE `PMA`
  ADD PRIMARY KEY (`id_PMA`);

--
-- Index pour la table `POIDS_OPC`
--
ALTER TABLE `POIDS_OPC`
  ADD PRIMARY KEY (`id_POIDS_OPC`);

--
-- Index pour la table `REFS_EMAILING`
--
ALTER TABLE `REFS_EMAILING`
  ADD PRIMARY KEY (`id_CIBLES`,`id_TYPES_COMMUNICATIONS`),
  ADD KEY `REFS_EMAILING_TYPES_COMMUNICATIONS_FK` (`id_TYPES_COMMUNICATIONS`) USING BTREE;

--
-- Index pour la table `REFS_EMESSAGE`
--
ALTER TABLE `REFS_EMESSAGE`
  ADD PRIMARY KEY (`id_CIBLES`,`id_TYPES_COMMUNICATIONS`),
  ADD KEY `REFS_EMESSAGE_TYPES_COMMUNICATIONS_FK` (`id_TYPES_COMMUNICATIONS`) USING BTREE;

--
-- Index pour la table `REFS_NPC`
--
ALTER TABLE `REFS_NPC`
  ADD PRIMARY KEY (`id_CIBLES`,`id_TYPES_COMMUNICATIONS`),
  ADD KEY `REFS_NPC_TYPES_COMMUNICATIONS_FK` (`id_TYPES_COMMUNICATIONS`) USING BTREE;

--
-- Index pour la table `REFS_OPC`
--
ALTER TABLE `REFS_OPC`
  ADD PRIMARY KEY (`id_CIBLES`,`id_TYPES_COMMUNICATIONS`),
  ADD KEY `REFS_OPC_TYPES_COMMUNICATIONS_FK` (`id_TYPES_COMMUNICATIONS`) USING BTREE,
  ADD KEY `REFS_OPC_POIDS_OPC_FK` (`id_POIDS_OPC`),
  ADD KEY `REFS_OPC_SOURCES_CIBLAGES_FK` (`id_SOURCES_CIBLAGES`);

--
-- Index pour la table `REFS_SMS`
--
ALTER TABLE `REFS_SMS`
  ADD PRIMARY KEY (`id_CIBLES`,`id_TYPES_COMMUNICATIONS`),
  ADD KEY `REFS_SMS_TYPES_COMMUNICATIONS_FK` (`id_TYPES_COMMUNICATIONS`) USING BTREE;

--
-- Index pour la table `REFS_TYPES_COMMUNICATIONS_CIBLES`
--
ALTER TABLE `REFS_TYPES_COMMUNICATIONS_CIBLES`
  ADD PRIMARY KEY (`id_CIBLES`,`id_TYPES_COMMUNICATIONS`),
  ADD KEY `REFS_TYPES_COMMUNICATIONS_CIBLES_TYPES_COMMUNICATIONS_FK` (`id_TYPES_COMMUNICATIONS`) USING BTREE;

--
-- Index pour la table `SERVICES`
--
ALTER TABLE `SERVICES`
  ADD PRIMARY KEY (`id_SERVICES`);

--
-- Index pour la table `SOURCES_CIBLAGES`
--
ALTER TABLE `SOURCES_CIBLAGES`
  ADD PRIMARY KEY (`id_SOURCES_CIBLAGES`);

--
-- Index pour la table `STATUTS`
--
ALTER TABLE `STATUTS`
  ADD PRIMARY KEY (`id_STATUTS`);

--
-- Index pour la table `STATUTS_ACTIONS_SERVICES_CAMPAGNES`
--
ALTER TABLE `STATUTS_ACTIONS_SERVICES_CAMPAGNES`
  ADD PRIMARY KEY (`id_STATUTS`,`id_CAMPAGNES`,`id_SERVICES`,`id_ACTIONS`,`date`),
  ADD KEY `STATUTS_ACTIONS_SERVICES_CAMPAGNES_CAMPAGNES_FK` (`id_CAMPAGNES`),
  ADD KEY `STATUTS_ACTIONS_SERVICES_CAMPAGNES_SERVICES_FK` (`id_SERVICES`),
  ADD KEY `STATUTS_ACTIONS_SERVICES_CAMPAGNES_ACTIONS_FK` (`id_ACTIONS`),
  ADD KEY `STATUTS_ACTIONS_SERVICES_CAMPAGNES_UTILISATEURS_FK` (`user_id`);

--
-- Index pour la table `STATUTS_ENFANTS`
--
ALTER TABLE `STATUTS_ENFANTS`
  ADD PRIMARY KEY (`id_STATUTS`,`id_STATUTS_ENFANTS`),
  ADD KEY `STATUTS_ENFANTS_STATUTS_FK` (`id_STATUTS_ENFANTS`);

--
-- Index pour la table `STATUTS_TYPES_COMMUNICATIONS_CIBLES_CAMPAGNES`
--
ALTER TABLE `STATUTS_TYPES_COMMUNICATIONS_CIBLES_CAMPAGNES`
  ADD PRIMARY KEY (`id_STATUTS`,`id_CAMPAGNES`,`id_TYPES_COMMUNICATIONS`,`id_CIBLES`,`id_SERVICES`,`date`) USING BTREE,
  ADD KEY `STATUTS_ACTIONS_SERVICES_CAMPAGNES_CAMPAGNES_FK` (`id_CAMPAGNES`),
  ADD KEY `STATUTS_ACTIONS_SERVICES_CAMPAGNES_UTILISATEURS_FK` (`user_id`),
  ADD KEY `STATUTS_TYPES_COMMUNICATIONS_CIBLES_CAMPAGNES_T_COMM_FK` (`id_TYPES_COMMUNICATIONS`) USING BTREE,
  ADD KEY `STATUTS_TYPES_COMMUNICATIONS_CIBLES_CAMPAGNES_CIBLES_FK` (`id_CIBLES`) USING BTREE,
  ADD KEY `STATUTS_TYPES_COMMUNICATIONS_CIBLES_CAMPAGNES_SERVICES_FK` (`id_SERVICES`);

--
-- Index pour la table `TYPES_COMMUNICATIONS`
--
ALTER TABLE `TYPES_COMMUNICATIONS`
  ADD PRIMARY KEY (`id_TYPES_COMMUNICATIONS`);

--
-- Index pour la table `TYPES_COMMUNICATIONS_CIBLES`
--
ALTER TABLE `TYPES_COMMUNICATIONS_CIBLES`
  ADD PRIMARY KEY (`id_CIBLES`,`id_TYPES_COMMUNICATIONS`),
  ADD KEY `TYPES_COMMUNICATIONS_CIBLES_TYPES_COMMUNICATIONS_FK` (`id_TYPES_COMMUNICATIONS`);

--
-- Index pour la table `UNIVERS_BESOINS`
--
ALTER TABLE `UNIVERS_BESOINS`
  ADD PRIMARY KEY (`id_UNIVERS_BESOINS`);

--
-- Index pour la table `USERS_SERVICES`
--
ALTER TABLE `USERS_SERVICES`
  ADD PRIMARY KEY (`id_USERS`,`id_SERVICES`),
  ADD KEY `USERS_SERVICES_SERVICES_FK` (`id_SERVICES`);

--
-- AUTO_INCREMENT pour les tables déchargées
--

--
-- AUTO_INCREMENT pour la table `ACTIONS`
--
ALTER TABLE `ACTIONS`
  MODIFY `id_ACTIONS` int(11) NOT NULL AUTO_INCREMENT, AUTO_INCREMENT=33;

--
-- AUTO_INCREMENT pour la table `ATTACHEMENTS`
--
ALTER TABLE `ATTACHEMENTS`
  MODIFY `id_ATTACHEMENTS` int(11) NOT NULL AUTO_INCREMENT;

--
-- AUTO_INCREMENT pour la table `CAMPAGNES`
--
ALTER TABLE `CAMPAGNES`
  MODIFY `id_CAMPAGNES` int(11) NOT NULL AUTO_INCREMENT;

--
-- AUTO_INCREMENT pour la table `CIBLES`
--
ALTER TABLE `CIBLES`
  MODIFY `id_CIBLES` int(11) NOT NULL AUTO_INCREMENT;

--
-- AUTO_INCREMENT pour la table `COMMENTAIRES`
--
ALTER TABLE `COMMENTAIRES`
  MODIFY `id_COMMENTAIRES` int(11) NOT NULL AUTO_INCREMENT;

--
-- AUTO_INCREMENT pour la table `HISTORIQUES`
--
ALTER TABLE `HISTORIQUES`
  MODIFY `id_HISTORIQUES` int(11) NOT NULL AUTO_INCREMENT;

--
-- AUTO_INCREMENT pour la table `PMA`
--
ALTER TABLE `PMA`
  MODIFY `id_PMA` int(11) NOT NULL AUTO_INCREMENT, AUTO_INCREMENT=4;

--
-- AUTO_INCREMENT pour la table `POIDS_OPC`
--
ALTER TABLE `POIDS_OPC`
  MODIFY `id_POIDS_OPC` int(11) NOT NULL AUTO_INCREMENT, AUTO_INCREMENT=6;

--
-- AUTO_INCREMENT pour la table `SERVICES`
--
ALTER TABLE `SERVICES`
  MODIFY `id_SERVICES` int(11) NOT NULL AUTO_INCREMENT, AUTO_INCREMENT=5;

--
-- AUTO_INCREMENT pour la table `SOURCES_CIBLAGES`
--
ALTER TABLE `SOURCES_CIBLAGES`
  MODIFY `id_SOURCES_CIBLAGES` int(11) NOT NULL AUTO_INCREMENT, AUTO_INCREMENT=6;

--
-- AUTO_INCREMENT pour la table `STATUTS`
--
ALTER TABLE `STATUTS`
  MODIFY `id_STATUTS` int(11) NOT NULL AUTO_INCREMENT, AUTO_INCREMENT=7;

--
-- AUTO_INCREMENT pour la table `TYPES_COMMUNICATIONS`
--
ALTER TABLE `TYPES_COMMUNICATIONS`
  MODIFY `id_TYPES_COMMUNICATIONS` int(11) NOT NULL AUTO_INCREMENT, AUTO_INCREMENT=6;

--
-- AUTO_INCREMENT pour la table `UNIVERS_BESOINS`
--
ALTER TABLE `UNIVERS_BESOINS`
  MODIFY `id_UNIVERS_BESOINS` int(11) NOT NULL AUTO_INCREMENT, AUTO_INCREMENT=9;

--
-- Contraintes pour les tables déchargées
--

--
-- Contraintes pour la table `ACTIONS`
--
ALTER TABLE `ACTIONS`
  ADD CONSTRAINT `ACTIONS_TYPES_COMMUNICATIONS_FK` FOREIGN KEY (`id_TYPES_COMMUNICATIONS`) REFERENCES `types_communications` (`id_TYPES_COMMUNICATIONS`);

--
-- Contraintes pour la table `ACTIONS_SERVICES`
--
ALTER TABLE `ACTIONS_SERVICES`
  ADD CONSTRAINT `ACTIONS_SERVICES_ACTIONS_FK` FOREIGN KEY (`id_ACTIONS`) REFERENCES `ACTIONS` (`id_ACTIONS`),
  ADD CONSTRAINT `ACTIONS_SERVICES_SERVICES_FK` FOREIGN KEY (`id_SERVICES`) REFERENCES `SERVICES` (`id_SERVICES`);

--
-- Contraintes pour la table `ACTIONS_SERVICES_CAMPAGNES`
--
ALTER TABLE `ACTIONS_SERVICES_CAMPAGNES`
  ADD CONSTRAINT `ACTIONS_SERVICES_CAMPAGNES_ACTIONS_FK` FOREIGN KEY (`id_ACTIONS`) REFERENCES `ACTIONS` (`id_ACTIONS`),
  ADD CONSTRAINT `ACTIONS_SERVICES_CAMPAGNES_CAMPAGNES_FK` FOREIGN KEY (`id_CAMPAGNES`) REFERENCES `CAMPAGNES` (`id_CAMPAGNES`),
  ADD CONSTRAINT `ACTIONS_SERVICES_CAMPAGNES_SERVICES_FK` FOREIGN KEY (`id_SERVICES`) REFERENCES `SERVICES` (`id_SERVICES`);

--
-- Contraintes pour la table `ATTACHEMENTS`
--
ALTER TABLE `ATTACHEMENTS`
  ADD CONSTRAINT `ATTACHEMENTS_ACTIONS_FK` FOREIGN KEY (`id_ACTIONS`) REFERENCES `ACTIONS` (`id_ACTIONS`),
  ADD CONSTRAINT `ATTACHEMENTS_CAMPAGNES_FK` FOREIGN KEY (`id_CAMPAGNES`) REFERENCES `CAMPAGNES` (`id_CAMPAGNES`),
  ADD CONSTRAINT `ATTACHEMENTS_CIBLES_FK` FOREIGN KEY (`id_CIBLES`) REFERENCES `CIBLES` (`id_CIBLES`),
  ADD CONSTRAINT `ATTACHEMENTS_COMMENTAIRES_FK` FOREIGN KEY (`id_COMMENTAIRES`) REFERENCES `COMMENTAIRES` (`id_COMMENTAIRES`),
  ADD CONSTRAINT `ATTACHEMENTS_UTILISATEURS_FK` FOREIGN KEY (`user_id`) REFERENCES `apps_gestion`.`UTILISATEURS` (`id`);

--
-- Contraintes pour la table `CAMPAGNES`
--
ALTER TABLE `CAMPAGNES`
  ADD CONSTRAINT `CAMPAGNES_PMA_FK` FOREIGN KEY (`id_PMA`) REFERENCES `PMA` (`id_PMA`),
  ADD CONSTRAINT `CAMPAGNES_UNIVERS_BESOINS_FK` FOREIGN KEY (`id_UNIVERS_BESOINS`) REFERENCES `UNIVERS_BESOINS` (`id_UNIVERS_BESOINS`),
  ADD CONSTRAINT `CAMPAGNES_UTILISATEURS_FK` FOREIGN KEY (`user_id`) REFERENCES `apps_gestion`.`UTILISATEURS` (`id`);

--
-- Contraintes pour la table `CIBLES`
--
ALTER TABLE `CIBLES`
  ADD CONSTRAINT `CIBLES_CAMPAGNES_FK` FOREIGN KEY (`id_CAMPAGNES`) REFERENCES `CAMPAGNES` (`id_CAMPAGNES`);

--
-- Contraintes pour la table `COMMENTAIRES`
--
ALTER TABLE `COMMENTAIRES`
  ADD CONSTRAINT `COMMENTAIRES_ACTIONS_FK` FOREIGN KEY (`id_ACTIONS`) REFERENCES `ACTIONS` (`id_ACTIONS`),
  ADD CONSTRAINT `COMMENTAIRES_CAMPAGNES_FK` FOREIGN KEY (`id_CAMPAGNES`) REFERENCES `CAMPAGNES` (`id_CAMPAGNES`),
  ADD CONSTRAINT `COMMENTAIRES_CIBLES_FK` FOREIGN KEY (`id_CIBLES`) REFERENCES `CIBLES` (`id_CIBLES`),
  ADD CONSTRAINT `COMMENTAIRES_COMMENTAIRES_FK` FOREIGN KEY (`id_COMMENTAIRES_PARENT`) REFERENCES `COMMENTAIRES` (`id_COMMENTAIRES`),
  ADD CONSTRAINT `COMMENTAIRES_UTILISATEURS_FK` FOREIGN KEY (`user_id`) REFERENCES `apps_gestion`.`UTILISATEURS` (`id`);

--
-- Contraintes pour la table `HISTORIQUES`
--
ALTER TABLE `HISTORIQUES`
  ADD CONSTRAINT `HISTORIQUES_ACTIONS_FK` FOREIGN KEY (`id_ACTIONS`) REFERENCES `ACTIONS` (`id_ACTIONS`),
  ADD CONSTRAINT `HISTORIQUES_CAMPAGNES_FK` FOREIGN KEY (`id_CAMPAGNES`) REFERENCES `CAMPAGNES` (`id_CAMPAGNES`),
  ADD CONSTRAINT `HISTORIQUES_CIBLES_FK` FOREIGN KEY (`id_CIBLES`) REFERENCES `CIBLES` (`id_CIBLES`),
  ADD CONSTRAINT `HISTORIQUES_UTILISATEURS_FK` FOREIGN KEY (`user_id`) REFERENCES `apps_gestion`.`UTILISATEURS` (`id`);

--
-- Contraintes pour la table `REFS_EMAILING`
--
ALTER TABLE `REFS_EMAILING`
  ADD CONSTRAINT `REFS_EMAILING_CIBLES_FK` FOREIGN KEY (`id_CIBLES`) REFERENCES `CIBLES` (`id_CIBLES`),
  ADD CONSTRAINT `REFS_EMAILING_TYPES_COMMUNICATIONS_FK` FOREIGN KEY (`id_TYPES_COMMUNICATIONS`) REFERENCES `TYPES_COMMUNICATIONS` (`id_TYPES_COMMUNICATIONS`);

--
-- Contraintes pour la table `REFS_EMESSAGE`
--
ALTER TABLE `REFS_EMESSAGE`
  ADD CONSTRAINT `REFS_EMESSAGE_CIBLES_FK` FOREIGN KEY (`id_CIBLES`) REFERENCES `CIBLES` (`id_CIBLES`),
  ADD CONSTRAINT `REFS_EMESSAGE_TYPES_COMMUNICATIONS_FK` FOREIGN KEY (`id_TYPES_COMMUNICATIONS`) REFERENCES `TYPES_COMMUNICATIONS` (`id_TYPES_COMMUNICATIONS`);

--
-- Contraintes pour la table `REFS_NPC`
--
ALTER TABLE `REFS_NPC`
  ADD CONSTRAINT `REFS_NPC_CIBLES_FK` FOREIGN KEY (`id_CIBLES`) REFERENCES `CIBLES` (`id_CIBLES`),
  ADD CONSTRAINT `REFS_NPC_TYPES_COMMUNICATIONS_FK` FOREIGN KEY (`id_TYPES_COMMUNICATIONS`) REFERENCES `TYPES_COMMUNICATIONS` (`id_TYPES_COMMUNICATIONS`);

--
-- Contraintes pour la table `REFS_OPC`
--
ALTER TABLE `REFS_OPC`
  ADD CONSTRAINT `REFS_OPC_CIBLES_FK` FOREIGN KEY (`id_CIBLES`) REFERENCES `CIBLES` (`id_CIBLES`),
  ADD CONSTRAINT `REFS_OPC_POIDS_OPC_FK` FOREIGN KEY (`id_POIDS_OPC`) REFERENCES `POIDS_OPC` (`id_POIDS_OPC`),
  ADD CONSTRAINT `REFS_OPC_SOURCES_CIBLAGES_FK` FOREIGN KEY (`id_SOURCES_CIBLAGES`) REFERENCES `SOURCES_CIBLAGES` (`id_SOURCES_CIBLAGES`),
  ADD CONSTRAINT `REFS_OPC_TYPES_COMMUNICATIONS_FK` FOREIGN KEY (`id_TYPES_COMMUNICATIONS`) REFERENCES `TYPES_COMMUNICATIONS` (`id_TYPES_COMMUNICATIONS`);

--
-- Contraintes pour la table `REFS_SMS`
--
ALTER TABLE `REFS_SMS`
  ADD CONSTRAINT `REFS_SMS_CIBLES_FK` FOREIGN KEY (`id_CIBLES`) REFERENCES `CIBLES` (`id_CIBLES`),
  ADD CONSTRAINT `REFS_SMS_TYPES_COMMUNICATIONS_FK` FOREIGN KEY (`id_TYPES_COMMUNICATIONS`) REFERENCES `TYPES_COMMUNICATIONS` (`id_TYPES_COMMUNICATIONS`);

--
-- Contraintes pour la table `REFS_TYPES_COMMUNICATIONS_CIBLES`
--
ALTER TABLE `REFS_TYPES_COMMUNICATIONS_CIBLES`
  ADD CONSTRAINT `REFS_TYPES_COMMUNICATIONS_CIBLES_CIBLES_FK` FOREIGN KEY (`id_CIBLES`) REFERENCES `CIBLES` (`id_CIBLES`),
  ADD CONSTRAINT `REFS_TYPES_COMMUNICATIONS_CIBLES_TYPES_COMMUNICATIONS_FK` FOREIGN KEY (`id_TYPES_COMMUNICATIONS`) REFERENCES `TYPES_COMMUNICATIONS` (`id_TYPES_COMMUNICATIONS`);

--
-- Contraintes pour la table `STATUTS_ACTIONS_SERVICES_CAMPAGNES`
--
ALTER TABLE `STATUTS_ACTIONS_SERVICES_CAMPAGNES`
  ADD CONSTRAINT `STATUTS_ACTIONS_SERVICES_CAMPAGNES_ACTIONS_FK` FOREIGN KEY (`id_ACTIONS`) REFERENCES `ACTIONS` (`id_ACTIONS`),
  ADD CONSTRAINT `STATUTS_ACTIONS_SERVICES_CAMPAGNES_CAMPAGNES_FK` FOREIGN KEY (`id_CAMPAGNES`) REFERENCES `CAMPAGNES` (`id_CAMPAGNES`),
  ADD CONSTRAINT `STATUTS_ACTIONS_SERVICES_CAMPAGNES_SERVICES_FK` FOREIGN KEY (`id_SERVICES`) REFERENCES `SERVICES` (`id_SERVICES`),
  ADD CONSTRAINT `STATUTS_ACTIONS_SERVICES_CAMPAGNES_STATUTS_FK` FOREIGN KEY (`id_STATUTS`) REFERENCES `STATUTS` (`id_STATUTS`),
  ADD CONSTRAINT `STATUTS_ACTIONS_SERVICES_CAMPAGNES_UTILISATEURS_FK` FOREIGN KEY (`user_id`) REFERENCES `apps_gestion`.`UTILISATEURS` (`id`);

--
-- Contraintes pour la table `STATUTS_ENFANTS`
--
ALTER TABLE `STATUTS_ENFANTS`
  ADD CONSTRAINT `STATUTS_ENFANTS_STATUTS_2_FK` FOREIGN KEY (`id_STATUTS`) REFERENCES `STATUTS` (`id_STATUTS`),
  ADD CONSTRAINT `STATUTS_ENFANTS_STATUTS_FK` FOREIGN KEY (`id_STATUTS_ENFANTS`) REFERENCES `STATUTS` (`id_STATUTS`);

--
-- Contraintes pour la table `STATUTS_TYPES_COMMUNICATIONS_CIBLES_CAMPAGNES`
--
ALTER TABLE `STATUTS_TYPES_COMMUNICATIONS_CIBLES_CAMPAGNES`
  ADD CONSTRAINT `STATUTS_TYPES_COMMUNICATIONS_CIBLES_CAMPAGNES_CAMPAGNES_FK` FOREIGN KEY (`id_CAMPAGNES`) REFERENCES `CAMPAGNES` (`id_CAMPAGNES`),
  ADD CONSTRAINT `STATUTS_TYPES_COMMUNICATIONS_CIBLES_CAMPAGNES_CIBLES_FK` FOREIGN KEY (`id_CIBLES`) REFERENCES `CIBLES` (`id_CIBLES`),
  ADD CONSTRAINT `STATUTS_TYPES_COMMUNICATIONS_CIBLES_CAMPAGNES_SERVICES_FK` FOREIGN KEY (`id_SERVICES`) REFERENCES `SERVICES` (`id_SERVICES`),
  ADD CONSTRAINT `STATUTS_TYPES_COMMUNICATIONS_CIBLES_CAMPAGNES_STATUTS_FK` FOREIGN KEY (`id_STATUTS`) REFERENCES `STATUTS` (`id_STATUTS`),
  ADD CONSTRAINT `STATUTS_TYPES_COMMUNICATIONS_CIBLES_CAMPAGNES_T_COMM_FK` FOREIGN KEY (`id_TYPES_COMMUNICATIONS`) REFERENCES `TYPES_COMMUNICATIONS` (`id_TYPES_COMMUNICATIONS`),
  ADD CONSTRAINT `STATUTS_TYPES_COMMUNICATIONS_CIBLES_CAMPAGNES_UTILISATEURS_FK` FOREIGN KEY (`user_id`) REFERENCES `apps_gestion`.`UTILISATEURS` (`id`);

--
-- Contraintes pour la table `TYPES_COMMUNICATIONS_CIBLES`
--
ALTER TABLE `TYPES_COMMUNICATIONS_CIBLES`
  ADD CONSTRAINT `TYPES_COMMUNICATIONS_CIBLES_CIBLES_``F` FOREIGN KEY (`id_CIBLES`) REFERENCES `CIBLES` (`id_CIBLES`),
  ADD CONSTRAINT `TYPES_COMMUNICATIONS_CIBLES_TYPES_COMMUNICATIONS_FK` FOREIGN KEY (`id_TYPES_COMMUNICATIONS`) REFERENCES `TYPES_COMMUNICATIONS` (`id_TYPES_COMMUNICATIONS`);

--
-- Contraintes pour la table `USERS_SERVICES`
--
ALTER TABLE `USERS_SERVICES`
  ADD CONSTRAINT `USERS_SERVICES_SERVICES_FK` FOREIGN KEY (`id_SERVICES`) REFERENCES `SERVICES` (`id_SERVICES`),
  ADD CONSTRAINT `USERS_SERVICES_UTILISATEURS_FK` FOREIGN KEY (`id_USERS`) REFERENCES `apps_gestion`.`UTILISATEURS` (`id`);

/*!40101 SET CHARACTER_SET_CLIENT=@OLD_CHARACTER_SET_CLIENT */;
/*!40101 SET CHARACTER_SET_RESULTS=@OLD_CHARACTER_SET_RESULTS */;
/*!40101 SET COLLATION_CONNECTION=@OLD_COLLATION_CONNECTION */;
